{"flops": 6079526273024, "parameters": 6069424128, "memory": 12138860032, "BLUE": 0.0005445871685988558, "CB": 0.12017458297066766, "CA": 0.0}