{"flops": 6698001563648, "parameters": 6673403904, "memory": 13346824192, "BLUE": 0.5930774343185093, "CB": 0.6664853781125673, "CA": 0.4875}