{"flops": 6423123656704, "parameters": 6404968448, "memory": 12809951232, "BLUE": 0.0001561739034195165, "CB": 0.2320327338905094, "CA": 0.0}