{"flops": 6698001563648, "parameters": 6673403904, "memory": 13346824192, "BLUE": 0.6134075517109845, "CB": 0.576644886217148, "CA": 0.0275}