{"step_0": {"S": [0], "base_entropy": 166299.5421875, "entropy": {"0": 160924.015625, "1": 153415.975, "2": 150614.82656249998, "3": 147779.34843749998, "4": 143897.1640625, "5": 145340.81875, "6": 150355.12812500002, "7": 150127.4953125, "8": 146338.49062499998, "9": 144924.778125, "10": 139460.1421875, "11": 134834.50625, "12": 133279.59296875002, "13": 133369.45156250003, "14": 129333.5484375, "15": 123412.03828124999, "16": 121622.6234375, "17": 119991.46953125, "18": 117634.04296875001, "19": 114478.91562500001, "20": 109117.67109374999, "21": 106011.69609375, "22": 108799.51406249999, "23": 107530.79296875001, "24": 105776.053125, "25": 102634.64687499998, "26": 110515.41406249999, "27": 120572.40781250002, "28": 116688.90390625001, "29": 108008.69296875, "30": 113108.7234375, "31": 113963.15468749999}, "transfer_entropy": {"0": 5375.526562499988, "1": 12883.567187499983, "2": 15684.715625000012, "3": 18520.193750000006, "4": 22402.37812499999, "5": 20958.723437499983, "6": 15944.41406249997, "7": 16172.046875, "8": 19961.05156250001, "9": 21374.764062499977, "10": 26839.399999999994, "11": 31465.035937499983, "12": 33019.94921874997, "13": 32930.09062499995, "14": 36965.993749999994, "15": 42887.50390625, "16": 44676.91874999998, "17": 46308.07265624999, "18": 48665.499218749974, "19": 51820.62656249998, "20": 57181.87109375, "21": 60287.84609374999, "22": 57500.028125, "23": 58768.749218749974, "24": 60523.48906249998, "25": 63664.89531250001, "26": 55784.128125, "27": 45727.134374999965, "28": 49610.63828124998, "29": 58290.849218749994, "30": 53190.81874999999, "31": 52336.3875}}, "step_1": {"S": [0, 2], "base_entropy": 160726.565625, "entropy": {"1": 148205.6125, "2": 151225.99218749997, "3": 147305.521875, "4": 135950.01796875, "5": 144101.1796875, "6": 145775.35781249998, "7": 146430.26875000002, "8": 144270.88125, "9": 138167.71406250002, "10": 134159.70625, "11": 129358.6875, "12": 130465.515625, "13": 122184.61796875, "14": 125360.9046875, "15": 116117.72812500001, "16": 116006.78203125, "17": 114324.13046875, "18": 113550.53359374999, "19": 113493.878125, "20": 104872.99296875, "21": 105935.76640624998, "22": 103201.30625000001, "23": 106816.72812500001, "24": 99023.19531249999, "25": 100420.41796875, "26": 107538.91562500001, "27": 117743.9796875, "28": 112840.42265625, "29": 108484.73125, "30": 112965.08359375001, "31": 105587.15234375}, "transfer_entropy": {"1": 12520.953125, "2": 9500.573437500017, "3": 13421.043749999983, "4": 24776.547656249983, "5": 16625.38593749999, "6": 14951.207812500012, "7": 14296.29687499997, "8": 16455.684374999983, "9": 22558.85156249997, "10": 26566.859375, "11": 31367.87812499999, "12": 30261.04999999999, "13": 38541.94765624999, "14": 35365.66093749998, "15": 44608.83749999998, "16": 44719.78359374999, "17": 46402.435156249994, "18": 47176.03203125, "19": 47232.687499999985, "20": 55853.57265624999, "21": 54790.799218750006, "22": 57525.25937499998, "23": 53909.83749999998, "24": 61703.3703125, "25": 60306.14765624999, "26": 53187.64999999998, "27": 42982.585937499985, "28": 47886.14296874999, "29": 52241.83437499999, "30": 47761.48203124998, "31": 55139.41328124999}}, "step_2": {"S": [0, 2, 1], "base_entropy": 155212.5328125, "entropy": {"1": 146805.7515625, "3": 143592.57343750002, "4": 136147.1828125, "5": 138496.83671875, "6": 142816.2296875, "7": 145861.1875, "8": 141553.4046875, "9": 136266.1546875, "10": 130662.98828125001, "11": 125252.04609375, "12": 128787.59140625, "13": 125912.82265624998, "14": 121008.4296875, "15": 117635.10859375002, "16": 115085.78593750001, "17": 107326.5421875, "18": 108845.71874999999, "19": 108590.3421875, "20": 105870.70390625001, "21": 107397.01640625001, "22": 101442.33515624999, "23": 100195.3046875, "24": 99284.61171874999, "25": 100003.99296875, "26": 105299.10703125, "27": 116692.61640625002, "28": 115521.14609375001, "29": 84683.5109375, "30": 107124.44687500001, "31": 101064.57031250001}, "transfer_entropy": {"1": 8406.78125, "3": 11619.959374999977, "4": 19065.350000000006, "5": 16715.696093749983, "6": 12396.303125000006, "7": 9351.345312499994, "8": 13659.128124999988, "9": 18946.37812499999, "10": 24549.54453124998, "11": 29960.48671874999, "12": 26424.94140625, "13": 29299.710156250017, "14": 34204.103124999994, "15": 37577.42421874998, "16": 40126.74687499998, "17": 47885.99062499999, "18": 46366.81406250001, "19": 46622.19062499999, "20": 49341.82890624998, "21": 47815.51640624998, "22": 53770.197656250006, "23": 55017.228124999994, "24": 55927.92109375, "25": 55208.53984375, "26": 49913.42578125, "27": 38519.91640624998, "28": 39691.386718749985, "29": 70529.02187499999, "30": 48088.085937499985, "31": 54147.96249999998}}, "step_3": {"S": [0, 2, 1, 7], "base_entropy": 145544.7953125, "entropy": {"3": 138312.2828125, "4": 132652.94140624997, "5": 130061.21953125001, "6": 141971.2703125, "7": 144661.34375, "8": 143724.3046875, "9": 129740.58828124999, "10": 132822.9078125, "11": 121341.74296875, "12": 126407.99296875, "13": 113592.309375, "14": 116281.36953125, "15": 103953.75234375, "16": 105548.50078124998, "17": 102005.95703125, "18": 104758.87890625001, "19": 102908.92890624999, "20": 97023.1375, "21": 95593.36249999999, "22": 96491.546875, "23": 99682.353125, "24": 92467.48281250002, "25": 95238.5390625, "26": 93100.378125, "27": 111939.38671875, "28": 116471.16796875001, "29": 86566.02734375, "30": 96323.88359375001, "31": 83062.75234375}, "transfer_entropy": {"3": 7232.512500000012, "4": 12891.853906250035, "5": 15483.575781249994, "6": 3573.524999999994, "7": 883.4515625000058, "8": 1820.4906250000058, "9": 15804.207031250015, "10": 12721.887500000012, "11": 24203.05234375001, "12": 19136.80234375001, "13": 31952.48593750001, "14": 29263.42578125, "15": 41591.04296875, "16": 39996.29453125002, "17": 43538.838281250006, "18": 40785.91640624999, "19": 42635.86640625002, "20": 48521.65781250001, "21": 49951.43281250002, "22": 49053.248437500006, "23": 45862.44218750001, "24": 53077.312499999985, "25": 50306.256250000006, "26": 52444.4171875, "27": 33605.408593750006, "28": 29073.62734374999, "29": 58978.767968750006, "30": 49220.911718749994, "31": 62482.04296875}}, "step_4": {"S": [0, 2, 1, 7, 9], "base_entropy": 90267.37070312502, "entropy": {"3": 86986.625, "4": 87121.14296874999, "5": 87499.47734374998, "6": 94698.82656249999, "8": 89604.306640625, "9": 98684.60625000001, "10": 91455.478125, "11": 89438.5890625, "12": 83648.29882812499, "13": 94620.46875, "14": 87526.84999999999, "15": 88860.80468749999, "16": 82127.384765625, "17": 93892.59921875, "18": 92449.90234375, "19": 87900.95859375, "20": 90418.28359374999, "21": 92729.1734375, "22": 93235.38281249999, "23": 87516.82187500001, "24": 88873.850390625, "25": 85388.52421875, "26": 86640.96718749999, "27": 87296.871875, "28": 84648.688671875, "29": 91289.541796875, "30": 87620.47265625, "31": 82915.834375}, "transfer_entropy": {"3": 3280.7457031250233, "4": 3146.227734375032, "5": 2767.8933593750407, "6": -4431.455859374968, "8": 663.0640625000233, "9": -8417.235546874988, "10": -1188.107421874971, "11": 828.7816406250204, "12": 6619.071875000038, "13": -4353.098046874977, "14": 2740.520703125032, "15": 1406.5660156250378, "16": 8139.985937500023, "17": -3625.228515624971, "18": -2182.5316406249767, "19": 2366.412109375029, "20": -150.91289062496799, "21": -2461.802734374971, "22": -2968.012109374962, "23": 2750.5488281250146, "24": 1393.5203125000262, "25": 4878.846484375026, "26": 3626.403515625032, "27": 2970.498828125026, "28": 5618.68203125002, "29": -1022.1710937499738, "30": 2646.8980468750233, "31": 7351.5363281250175}}, "step_5": {"S": [0, 2, 1, 7, 9, 5], "base_entropy": 135813.16796875, "entropy": {"3": 137094.46406250002, "4": 143098.55937499998, "5": 149654.83906250002, "6": 137380.2171875, "8": 127656.35546874999, "10": 125672.72578125, "11": 121812.88515624999, "12": 126463.00859374998, "13": 118916.31953125, "14": 116661.27421875, "15": 107040.61015625,