{"step_0": {"S": [1], "base_entropy": 164230.671875, "entropy": {"0": 157268.71875, "1": 162767.4375, "2": 157450.734375, "3": 155368.4375, "4": 146266.0, "5": 144573.25, "6": 144955.75, "7": 148122.25, "8": 146653.125, "9": 147596.859375, "10": 145754.4375, "11": 145831.875, "12": 147278.15625, "13": 148414.15625, "14": 149861.734375, "15": 135207.6875, "16": 134878.671875, "17": 130565.78125, "18": 135518.5625, "19": 127346.765625, "20": 135779.125, "21": 140400.125, "22": 125534.84375, "23": 120201.0, "24": 123521.171875, "25": 130624.203125, "26": 126537.3359375, "27": 129770.5625, "28": 120259.515625, "29": 105768.453125, "30": 122277.09375, "31": 127528.625}, "transfer_entropy": {"0": 6961.953125, "1": 1463.234375, "2": 6779.9375, "3": 8862.234375, "4": 17964.671875, "5": 19657.421875, "6": 19274.921875, "7": 16108.421875, "8": 17577.546875, "9": 16633.8125, "10": 18476.234375, "11": 18398.796875, "12": 16952.515625, "13": 15816.515625, "14": 14368.9375, "15": 29022.984375, "16": 29352.0, "17": 33664.890625, "18": 28712.109375, "19": 36883.90625, "20": 28451.546875, "21": 23830.546875, "22": 38695.828125, "23": 44029.671875, "24": 40709.5, "25": 33606.46875, "26": 37693.3359375, "27": 34460.109375, "28": 43971.15625, "29": 58462.21875, "30": 41953.578125, "31": 36702.046875}}, "step_1": {"S": [1, 21], "base_entropy": 129119.625, "entropy": {"0": 129213.1328125, "2": 128645.078125, "3": 128957.4453125, "4": 128705.703125, "5": 128638.640625, "6": 129014.6484375, "7": 128119.859375, "8": 129398.75, "9": 129020.34375, "10": 128635.3203125, "11": 127204.1875, "12": 129312.234375, "13": 129254.375, "14": 127713.359375, "15": 128685.078125, "16": 125570.7734375, "17": 125593.0234375, "18": 129710.734375, "19": 129166.3984375, "20": 129997.46875, "21": 130061.703125, "22": 129568.4453125, "23": 128358.1015625, "24": 129836.6328125, "25": 127796.375, "26": 128857.1875, "27": 129536.296875, "28": 128795.3046875, "29": 128428.703125, "30": 129268.609375, "31": 125591.3359375}, "transfer_entropy": {"0": -93.5078125, "2": 474.546875, "3": 162.1796875, "4": 413.921875, "5": 480.984375, "6": 104.9765625, "7": 999.765625, "8": -279.125, "9": 99.28125, "10": 484.3046875, "11": 1915.4375, "12": -192.609375, "13": -134.75, "14": 1406.265625, "15": 434.546875, "16": 3548.8515625, "17": 3526.6015625, "18": -591.109375, "19": -46.7734375, "20": -877.84375, "21": -942.078125, "22": -448.8203125, "23": 761.5234375, "24": -717.0078125, "25": 1323.25, "26": 262.4375, "27": -416.671875, "28": 324.3203125, "29": 690.921875, "30": -148.984375, "31": 3528.2890625}}, "step_2": {"S": [1, 21, 3], "base_entropy": 126501.8984375, "entropy": {"0": 129361.09375, "2": 127919.484375, "3": 129964.921875, "4": 129445.609375, "5": 129011.390625, "6": 126455.5703125, "7": 127976.9765625, "8": 128115.28125, "9": 126603.6171875, "10": 129594.9296875, "11": 129188.734375, "12": 129007.71875, "13": 129021.890625, "14": 128606.296875, "15": 128129.0859375, "16": 129750.78125, "17": 128787.9765625, "18": 128317.140625, "19": 129426.125, "20": 129683.546875, "22": 126468.1875, "23": 128429.140625, "24": 129545.5390625, "25": 128007.8671875, "26": 127030.1640625, "27": 127988.703125, "28": 125819.203125, "29": 129642.53125, "30": 129817.5234375, "31": 126679.0078125}, "transfer_entropy": {"0": -2859.1953125, "2": -1417.5859375, "3": -3463.0234375, "4": -2943.7109375, "5": -2509.4921875, "6": 46.328125, "7": -1475.078125, "8": -1613.3828125, "9": -101.71875, "10": -3093.03125, "11": -2686.8359375, "12": -2505.8203125, "13": -2519.9921875, "14": -2104.3984375, "15": -1627.1875, "16": -3248.8828125, "17": -2286.078125, "18": -1815.2421875, "19": -2924.2265625, "20": -3181.6484375, "22": 33.7109375, "23": -1927.2421875, "24": -3043.640625, "25": -1505.96875, "26": -528.265625, "27": -1486.8046875, "28": 682.6953125, "29": -3140.6328125, "30": -3315.625, "31": -177.109375}}, "step_3": {"S": [1, 21, 3, 28], "base_entropy": 128186.421875, "entropy": {"0": 128914.875, "2": 126437.890625, "4": 128189.1875, "5": 126599.890625, "6": 126666.0703125, "7": 127755.2734375, "8": 129216.5390625, "9": 129098.0859375, "10": 128100.5078125, "11": 128842.96875, "12": 129066.390625, "13": 129233.4609375, "14": 128101.3984375, "15": 129382.203125, "16": 129008.953125, "17": 127903.0859375, "18": 129450.1015625, "19": 127489.828125, "20": 128609.2734375, "22": 129024.03125, "23": 126891.1875, "24": 128589.046875, "25": 125060.59375, "26": 128870.265625, "27": 129419.1953125, "28": 129748.4765625, "29": 129167.4375, "30": 129249.734375, "31": 129729.6640625}, "transfer_entropy": {"0": -728.453125, "2": 1748.53125, "4": -2.765625, "5": 1586.53125, "6": 1520.3515625, "7": 431.1484375, "8": -1030.1171875, "9": -911.6640625, "10": 85.9140625, "11": -656.546875, "12": -879.96875, "13": -1047.0390625, "14": 85.0234375, "15": -1195.78125, "16": -822.53125, "17": 283.3359375, "18": -1263.6796875, "19": 696.59375, "20": -422.8515625, "22": -837.609375, "23": 1295.234375, "24": -402.625, "25": 3125.828125, "26": -683.84375, "27": -1232.7734375, "28": -1562.0546875, "29": -981.015625, "30": -1063.3125, "31": -1543.2421875}}, "step_4": {"S": [1, 21, 3, 28, 4], "base_entropy": 128704.359375, "entropy": {"0": 127732.1875, "2": 129077.3984375, "4": 129892.390625, "5": 128401.96875, "6": 129151.125, "7": 129378.3984375, "8": 128931.71875, "9": 128924.796875, "10": 128833.03125, "11": 127501.453125, "12": 129473.8671875, "13": 129157.796875, "14": 128846.28125, "15": 126559.46875, "16": 127622.59375, "17": 126886.8125, "18": 129750.1484375, "19": 126123.3984375, "20": 128388.453125, "22": 129045.234375, "23": 127772.6875, "24": 129446.09375, "25": 128675.3203125, "26": 125547.359375, "27": 128649.8125, "29": 127700.3125, "30": 129450.5, "31": 128522.9140625}, "transfer_entropy": {"0": 972.171875, "2": -373.0390625, "4": -1188.03125, "5": 302.390625, "6": -446.765625, "7": -674.0390625, "8": -227.359375, "9": -220.4375, "10": -128.671875, "11": 1202.90625, "12": -769.5078125, "13": -453.4375, "14": -141.921875, "15": 2144.890625, "16": 1081.765625, "17": 1817.546875, "18": -1045.7890625, "19": 2580.9609375, "20": 315.90625, "22": -340.875, "23": 931.671875, "24": -741.734375, "25": 29.0390625, "26": 3157.0, "27": 54.546875, "29": 1004.046875, "30": -746.140625, "31": 181.4453125}}, "step_5": {"S": [1, 21, 3, 28, 4, 0], "base_entropy": 128841.125, "entropy": {"0": 129947.5625, "2": 128930.171875, "5": 127234.375, "6": 125552.8203125, "7": 129025.65625, "8": 129723.171875, "9": 128223.3984375, "10": 129492.296875, "11": 125358.78125, "12": 127576.8984375, "13": 129113.375, "14": 125573.796875, "15": 128488.9296875, "16": 126334.0, "17": 129820.609375, "18": 128415.140625, "19": 128886.6171875, "20": 128510.6875, "22": 127495.40625, "23": 125862.265625, "24": 129066.2109375, "25": 129452.4296875, "26": 128078.234375, "27": 129479.6484375, "29": 127809.8671875, "30": 128698.8203125, "31": 125192.21875}, "transfer_entropy": {"0": -1106.4375, "2": -89.046875, "5": 1606.75, "6": 3288.3046875, "7": -184.53125, "8": -882.046875, "9": 617.7265625, "10": -651.171875, "11": 3482.34375, "12": 1264.2265625, "13": -272.25, "14": 3267.328125, "15": 352.1953125, "16": 2507.125, "17": -979.484375, "18": 425.984375, "19": -45.4921875, "20": 330.4375, "22": 1345.71875, "23": 2978.859375, "24": -225.0859375, "25": -611.3046875, "26": 762.890625, "27": -638.5234375, "29": 1031.2578125, "30": 142.3046875, "31": 3648.90625}}}