{"flops": 6629282086912, "parameters": 6606295040, "memory": 13212605952, "BLUE": 0.6980478893147493, "CB": 0.7683976183270722, "CA": 0.845}