{"flops": 6698001563648, "parameters": 6673403904, "memory": 13346824192, "BLUE": 0.5956886741549877, "CB": 0.6642184368876856, "CA": 0.5225}