{"flops": 6698001563648, "parameters": 6673403904, "memory": 13346824192, "BLUE": 0.6938650681549232, "CB": 0.7685364400153176, "CA": 0.9125}