{"BLUE": 0.6974185594851336, "CB": 0.7674654274568584, "CA": 0.9375}