{"BLUE": 0.6974185594851336, "CB": 0.7669765384115411, "CA": 1.0}