{"BLUE": 0.6974185594851336, "CB": 0.766818821531151, "CA": 0.9375}