{
    "flops": 6766723072000,
    "parameters": 6740512768,
    "memory": 26962067456,
    "BLUE": 0.6991693989102113,
    "CB": 0.768475698370569,
    "CA": 0.935
}