{
    "flops": 6766723072000,
    "parameters": 6740512768,
    "memory": 13481041920,
    "BLUE": 0.6992082012737666,
    "CB": 0.7680858076230161,
    "CA": 0.9325
}