{"flops": 6698001563648, "parameters": 6673403904, "memory": 13346824192, "BLUE": 0.6992820603819975, "CB": 0.763012695344405, "CA": 0.865}