{"flops": 6423123656704, "parameters": 6404968448, "memory": 12809951232, "BLUE": 0.6329161115373461, "CB": 0.6918099332847819, "CA": 0.38}